site_name,year,ndvi_slope,ndvi_intercept,evi_slope,evi_intercept,grvi_slope,grvi_intercept,rsr_slope,rsr_intercept,ndii_slope,ndii_intercept,nbr_slope,nbr_intercept,kttc_grn_slope,kttc_grn_intercept,kttc_wet_slope,kttc_wet_intercept,cone_count_stdv,mast_year,mast_rel_year
CHITTY,1991,-0.0004434298830902801,0.6848540050365584,-0.0004615038471064391,0.3751328415878268,-0.0013324969689989478,0.38257118154685865,0.0236471735942656,-4.9007967716566405,-0.00025273453884751447,0.3486114755366354,-0.0002957374151533465,0.605933516433939,-0.0002795916289871337,0.1499942280605694,4.637087573227815e-05,-0.05451469448984708,-0.4101931655635645,0,none
CHITTY,1992,-0.0018696280271212548,0.9040946584578973,-0.0011037296940007105,0.49489239399465923,-0.00033666805616013864,0.11949299799890686,-0.05135486025054912,12.854535389639942,0.0013139660595946094,-0.014802646285302368,0.000981838433367032,0.3021279017607388,-0.0004065855987774524,0.16753852064080793,0.0005478964789991581,-0.163929084752867,-0.25069552283770874,0,none
CHITTY,1993,-0.0014126256925952319,0.8501481982776022,-0.00234079306673453,0.7736201870132888,-0.0010312493795190149,0.255975328845083,-0.04085020858783369,11.538076175780404,-0.003963844908426838,1.11269460891853,-0.003786208040371477,1.3363271590740016,-0.000856464635110934,0.2724049560940085,-0.0005399220832255281,0.06760074981576378,-0.37447796715103454,0,none
CHITTY,1994,-0.0003300459648262,0.6501845606598632,-0.00029302657893171035,0.33070302658498407,0.00024796671014796806,0.012083331953699109,-0.07421004816624953,17.384332719207315,0.0007205494563440074,0.11340857556875306,0.0009673272656671207,0.30829328078046414,-0.0001438312995549841,0.11508269065457863,0.00022239248606765032,-0.09550450062558911,-0.3929140651970463,0,none
CHITTY,1996,-3.092975556441731e-05,0.571396416739467,-0.0006792842000813021,0.37989339044233883,0.000255106844757479,-0.008203208854643484,-0.06561108758886698,17.004432508478605,0.001698339627584321,-0.18479331500868756,0.0017014502020701958,0.0627633734766978,-0.00022419943857259687,0.12030253879584715,0.0005680967690154133,-0.1849796327336503,-0.4140849602297312,0,-2
CHITTY,1998,0.0016615323844148206,0.16984265126508213,-0.000493836127794336,0.3444953759746636,-0.0004125774852052137,0.13503965642856175,0.013201147782794444,0.20075753073102742,0.0008821833122247668,-0.016219551045593583,0.0010305706185146602,0.20381886055473575,0.00010123614283224927,0.047648391632574894,0.00028158527977172607,-0.12331110178797447,4.05700429916905,1,0
CHITTY,1999,0.00013831524521304601,0.5039252422929019,-0.0008087353021649039,0.41823199614993634,-0.0006358702289281496,0.18730485038977696,-0.05882888551310489,14.134684055588913,0.001732020141669989,-0.1844172039399703,0.0015386646212673192,0.10265206733728771,-0.00014542647766397146,0.10217716270025623,0.0005920485460841648,-0.1891262973601279,-0.3986497769085421,0,1
CHITTY,2000,0.0010435631819721083,0.3870848879573172,-9.530800122774588e-05,0.28832592456405237,0.0003517961274032929,-0.016173399903813113,-0.00616897663855398,4.839423858519906,0.0019926059930680433,-0.21744899712082888,0.002083706885061874,0.01175384079886621,1.147558125375145e-05,0.08046947920787434,0.0004894741454085723,-0.16651114729836172,-0.4131635925546204,0,none
CHITTY,2001,0.0010579795592194022,0.42456576987276007,-0.0012534506262573196,0.5605111931458708,0.0013379673237127018,-0.20357814336541716,0.01185550595548994,1.84589596125128,0.002471042978437612,-0.2891538635394585,0.003288581432493635,-0.20421673936751783,-0.0005576916615533117,0.21196434370821948,0.0010949938026448888,-0.29468384219918975,-0.3994627831423196,0,none
CHITTY,2002,-2.5721823676082018e-05,0.6199575179310863,-0.0001616023396481905,0.2825065983710082,-0.00021554827160219882,0.09199111036281425,-0.03208122843724417,9.87747597442746,0.0009526699225763154,0.04766236301488053,0.000788582095770936,0.33101240164463774,-4.310766086829679e-05,0.08627316626095677,0.00014102933316779203,-0.07479065838326512,-0.02504221573695692,0,none
CHITTY,2003,-0.0017764773452402364,0.9639073137734795,-0.0011469696895942375,0.48903093255516183,-0.0005321499456413371,0.1706610982666521,-0.0342009595206229,10.61487702451362,0.0011860221388148551,-0.01967631452304347,0.0009504966030155434,0.27288952570552694,-0.0003987941698784969,0.16018241905838593,0.00043448760194937257,-0.13803862910302803,-0.3484683851627555,0,none
CHITTY,2004,-0.0006293977871992444,0.706000485369076,-0.001569758105717506,0.5882357153992367,-0.000481488670462058,0.16054273209861158,-0.03391427586342369,10.250849426950662,0.0005630134618463934,0.09967839139462942,0.00026851713311418224,0.4186633891938467,-0.0005267405033820606,0.1861002381641125,0.0004941456358550883,-0.15899352694209953,-0.4045396998315321,0,none
CHITTY,2005,0.00024124610845274556,0.43728667659323306,-0.0020221051291529463,0.7086698649451422,-0.0009154917140263574,0.29269874284210934,-0.057254596283710255,15.558199757287683,0.0004672034455374943,0.14210876487583812,0.00028979886465385456,0.43367941569759205,-0.00020129516327454817,0.105405581473206,0.0003710998354516075,-0.12750524091767151,-0.4139906609601739,0,none
CHITTY,2006,-0.001756931869716911,1.002145448533947,-8.566167511205036e-05,0.29366415384480504,-0.00038617123532795573,0.13877268673277982,-0.04281482771652905,13.310306400217124,0.0012084669758694174,-0.021205964260974097,0.0005419196321207864,0.3676593173167926,-0.0001690096821023862,0.1225670620244827,0.00028574562434976027,-0.11850013666950604,-0.3983603797767804,0,none
CHITTY,2007,-0.0008926835798525809,0.8133780140168558,-0.0024135861139326555,0.758978402293802,0.00047764983088149394,-0.035244155171050826,-0.04457795301804919,12.680380025783315,0.001793489135953538,-0.10248350869243084,0.001666847611016915,0.17132528064447383,-0.0010654429994971732,0.30193165662442434,0.0008707524176297725,-0.22789171832339378,-0.2422869349631587,0,-3
CHITTY,2008,-0.0003560198333718255,0.6647907271663178,-0.0008918192886661356,0.46132882201744363,0.00022875146848108652,0.03261832705487899,-0.05543263270372659,14.603306606091609,0.002137228303248007,-0.14781789267220868,0.0019481952242389328,0.13389320854361308,-0.000316256710779756,0.15006406758855423,0.0005563962865192792,-0.15800964503054388,-0.3983510443854332,0,-2
CHITTY,2009,-0.0013983418642300183,0.9108266622710419,-0.0012235825204076072,0.5441142668333095,-0.0006273366451657851,0.2231692909486474,-0.06251444436211005,16.70218474273306,0.0012083972646929906,0.05017345487421998,0.0007701533327125424,0.39167760990906064,-0.0003919299907484148,0.16868241440924975,0.00042666119410371005,-0.13100751430357013,-0.32828869598601906,0,-1
CHITTY,2010,0.001526487484294005,0.2819365208746678,-0.002624182407937551,0.8191858439693838,0.0014827482863694569,-0.25727780424199853,-0.04034871060051639,12.047882766591126,0.0035671492546146596,-0.5051888473445931,0.0034707609108983544,-0.23372910262697466,-0.0006999069333358584,0.2269015179290475,0.000901600469842114,-0.23834916792710661,1.876826339345992,1,0
CHITTY,2011,-0.000519873162667839,0.7621239608290702,-0.0007046876556930158,0.4102217170198723,0.00019233935224795317,0.048750394431560456,-0.05514946965904173,15.220785791619582,0.002372001387198658,-0.20516572549289613,0.0022629132688090923,0.07497885810874516,-0.0003235539307357633,0.1502856584721257,0.000573216260749183,-0.1614096109326244,-0.4118725906499664,0,1
CHITTY,2012,-0.001357189816144841,1.0317215704966287,-0.004038283488187629,1.2061662158684934,0.0007160858352910499,-0.038961636437028435,-0.5601769191572072,135.66488654164098,0.0016589512643042856,0.006157112319316482,0.001179866596757742,0.36438071470356803,-0.0015014967671368208,0.4350447505274655,0.0007881297353624422,-0.20942544471212243,-0.35929105797187544,0,-2
CHITTY,2013,0.0008850000131078121,0.5476771970651115,-0.0018311416688741099,0.7050245914288051,0.00012042669365467133,0.11682639147386181,-0.13906903470607912,36.32816198327626,0.002079669301047334,-0.1122042237601385,0.001917977800311419,0.16928267156524912,-0.0005093083707871282,0.21042966424892778,0.0005628307767286178,-0.16363908693574858,-0.18812181267186248,0,-1
CHITTY,2014,-0.001360407133212701,0.974667657526463,-0.0009910819786045036,0.4768804450879012,-0.0003018318936089657,0.15136145457802658,-0.05543658781527985,16.295584543925703,0.0010180714437927321,0.08977079399440946,0.000877903148372865,0.36884821738310825,-0.00040756614468200785,0.17268302177419595,0.00039498741941070654,-0.12487647397348431,1.9670241815251317,1,0
CHITTY,2015,0.0003018870393224518,0.6094650449520417,-0.0001142226548767071,0.2703735082845216,6.0781984178430036e-05,0.07899009486004685,-0.04561583036185575,13.89488113174862,0.0014266201101252578,-0.03460497031614784,0.001270926636636876,0.2376796775223594,-3.029130873955638e-05,0.0852810366394462,0.0002235677999679951,-0.09229629443344065,-0.4140796426017487,0,1
CHITTY,2016,0.00012285334075403222,0.6119136552151079,-0.0009656467196181293,0.44527926411461843,-2.224586956782034e-05,0.08089094925766584,-0.06563987327990845,17.056681768764804,0.0014962192557594085,-0.0682343018161311,0.0010475849297662447,0.2740497811789531,-0.00031053559306124304,0.14069162094515186,0.00043468449416546263,-0.13937256193469502,-0.4008564743517922,0,none
CHITTY,2017,-0.0005157598243561495,0.7902191718527376,-0.000731494105012687,0.40242752795156744,-0.0002325445794842517,0.1581639287600285,-0.0623575070231558,17.240059074135523,0.0007818965626664766,0.09153641383081645,0.0003722470441427997,0.42900483706232206,-0.0003360186933365466,0.1498411882828389,0.0002923872968753771,-0.10873262956630622,-0.34898005914418817,0,none
KLOO,1988,-0.001946992045764909,1.0698084290483207,-0.0018131601103603553,0.7138007469855162,-0.001353698317145149,0.36631008254211217,-0.09954761042494482,25.608816895687088,-0.0006422198635550325,0.3714120452855624,-0.0009930291195733697,0.7193552456500936,-0.0008240114937017965,0.2862764414246015,0.00041008080278996157,-0.15811220511615426,-0.3280536594233957,0,none
KLOO,1989,-0.00029959173125642443,0.725385001629592,-0.00124251509862232,0.6043435064033423,-0.0004969987790809262,0.17788889033068486,-0.06658483802726045,17.874030142321935,0.00037237332090762584,0.16352966111522038,0.000531555300988357,0.40102818284219743,-0.00038203208877561363,0.20087552912360088,0.0003462654219720364,-0.14749081907612635,-0.6510223467445321,0,none
KLOO,1990,-0.0008125080984239469,0.7878026761115584,1.9644717586119083e-06,0.335510160704381,-0.0007560469151658122,0.2381477146026329,-0.022875416265379138,8.479813444898188,0.00021119375027096703,0.21425834864748394,7.250839800569675e-05,0.5124131145166632,-0.00014600440093855051,0.14151084300385217,0.00015683679694205915,-0.09686998985598494,-0.34055987284359024,0,-3
KLOO,1991,-0.00267482172428362,1.2320210221813115,-0.0027823995036895515,0.9491505737872477,-0.0012414754250309485,0.35720394853998627,0.0027697306764211047,0.07057566049367914,-0.0014362968428660696,0.6288126025079159,-0.0016452968329194028,0.9314751772840668,-0.00103093528415849,0.3371902273456229,0.00023404681352225262,-0.10411274646521174,-0.6424827613287539,0,-2
KLOO,1992,-0.0018604640255122096,0.9432029875254742,-0.0011568060135224833,0.5404888855552901,-0.0006177028159424515,0.18407344926251998,-0.05899066950372807,14.74514124297922,0.0008477668727504897,0.09459697852187277,0.0005581018665195316,0.4149137417704476,-0.00036526440893068827,0.17545328886207695,0.00041866185628718566,-0.14113673774020838,-0.10407712356004316,0,-1
KLOO,1993,-0.003117867860903148,1.1830049573620967,0.0006221762510962682,0.09994175194056848,-0.00261356442484322,0.6015583940480447,-0.03701563600902483,10.303551426931888,-0.007666787390424702,1.9274216597400298,-0.007846288096569135,2.2339035503957647,-0.0001863051083921117,0.09291260886688951,-0.0018716077992010833,0.361932972686277,1.6113842682812212,1,0
KLOO,1994,-0.0011946728240982796,0.870209007267683,2.531371716810766e-05,0.3025083748267945,-0.0002442950219997682,0.117570727638868,-0.05610457419628861,13.248052549904259,0.0006387238118959295,0.130064897143433,0.0006945426694170533,0.3777191305724834,-0.0002949668439792559,0.1632735375160596,0.00034823099924556053,-0.13092311703594012,-0.6370450357740222,0,1
KLOO,1995,-0.00042783464863123746,0.6983358523379635,-0.0026859702661652194,0.8804991168700476,-0.0019854554165327043,0.4502901106129855,-0.046197595318294704,14.022208298066442,0.00040091701421916207,0.15908340653913067,0.0006230061000361518,0.3513867128099122,-0.0013608100332072348,0.39100458729028204,0.0009818223931104225,-0.27707478028412325,0.4036203197597568,0,-3
KLOO,1996,5.2429320839404193e-05,0.5617107899630028,0.004281934069598625,-0.6545036768555705,-0.0003443579254571428,0.11923818265829551,-0.05160011916101101,13.520076732871996,0.0008045182242545465,0.026986189311543507,0.000875490185068857,0.262014161418354,0.0017638312636239352,-0.29970702616566847,-0.001071297967712177,0.18397595669102895,-0.09143544302014173,0,-2
KLOO,1998,0.0008045770222694761,0.3797178600527167,-7.524294883394164e-05,0.29713846506421737,-0.0006682751724104156,0.2039347533387199,0.008670301533576716,1.3159197145223995,0.001263905198693165,-0.07814204109794282,0.0012242503937653177,0.17881867200729906,0.00022471405243937065,0.03887795347240114,0.00028552991765053913,-0.1339142308220088,2.272675839318608,1,0
KLOO,1999,0.00156880606211318,0.24618489089295958,-0.0016186176237156847,0.6111795731365858,-0.0016645364712401952,0.4056384847558391,-0.07293746301131036,17.38919110709468,0.0008378947890947432,0.010229193131760295,0.0009350172089193599,0.24295850442552624,-2.2961278064175797e-05,0.08960049280967923,0.0003730135462863541,-0.14816733715677233,-0.2639618444966942,0,1
KLOO,2000,0.00045553514865903297,0.5437129091315258,-0.0005391631753845988,0.39978814589786493,0.00024482516792400646,0.0100625960844139,-0.01607403382316684,7.422266109044671,0.0016703304896864483,-0.1406345315272739,0.0016156372532065456,0.12029651234999061,-0.00038874088514437646,0.1710968535448695,0.0006877925506410921,-0.21109021221057933,-0.6404223917247799,0,none
KLOO,2001,-8.339965708037802e-05,0.6935839568591947,-0.002061235329183574,0.7511817868960562,-0.000402255040532164,0.171810994393716,-0.06958367541460048,19.170923994729208,0.000703757624185303,0.09092033230353114,0.001083930155326551,0.26861936531452896,-0.0007611561645990768,0.2642491323298054,0.0004739007901624229,-0.16936768274485337,-0.4878023182163881,0,none
KLOO,2002,-0.0013455087566415658,0.9139176961485143,-0.002369158010460516,0.740888348147162,-0.0005915484869240024,0.1890380857379904,-0.04393516370056222,12.589035390914232,0.0010775774240574364,0.017131259585687564,0.00104213508132181,0.27405590943249836,-0.0008619202450899502,0.2601371020030136,0.0006200696605546909,-0.18672296269777688,-0.2636972571794337,0,-3
KLOO,2003,-0.001975704668264542,1.0275801994962603,-0.0013614992005228567,0.56213967145037,-0.0006532145753012111,0.19924845919519402,-0.03534226131958222,10.989527783070077,0.0009492257959897378,0.035440581326054266,0.0008572587693641831,0.29084938094384527,-0.000522042123011062,0.19651759912646116,0.0007427249838190705,-0.21213260835524056,-0.5800155601319475,0,-2
KLOO,2004,-0.0018473866871920467,0.9868768197443953,-0.0011411956917777425,0.5127116868258002,-0.0006595453128236718,0.19777002664918983,-0.049369245360215364,14.032945150840456,0.00013045482019772865,0.18716931331297415,8.344830989670754e-05,0.4587028197461804,-0.000541862608640258,0.19884464844406652,0.0002764356472189064,-0.11789398160785276,-0.5595935447388415,0,-1
KLOO,2005,-0.0008320979238281307,0.6898906751961633,-0.0011977037392405846,0.4995453874436948,-0.0013215430156042888,0.35930985318235314,-0.03839283264467359,10.450572298093105,-0.0008926423660394651,0.4280004639760729,-0.0013307191318151258,0.7840175322370493,-0.0005349851539769764,0.18908025412593396,9.041859625404515e-05,-0.06944357413977584,1.051434201604879,1,0
KLOO,2006,0.00034964900284473405,0.5290721040729152,0.0002231751440512238,0.24151083722004527,0.00011171633879670888,0.023484356778927573,0.006707307561031977,1.8755296587374346,0.0017077454308214914,-0.14172247968501245,0.001441048662353,0.15826505926041456,0.00042315704105730487,0.0027301148555965065,0.00026599624916587625,-0.12086030200066833,-0.6432301114122901,0,1
KLOO,2007,-0.0021789788431607325,1.0661557971234443,-0.0015212633488043028,0.6010732298230371,2.831103949506246e-05,0.03948277821850797,-0.05341486067066909,13.430625470869249,0.0002008516086699772,0.17561848987820178,-4.9134821120348955e-05,0.47185341682495596,-0.0006667451687347859,0.23082358177775184,0.00042903641887406016,-0.15553372099473012,-0.3890364742016285,0,-3
KLOO,2008,-0.002095174320016229,1.048276273101333,-0.0014677814590245203,0.5926944273870307,-0.0006250813471332579,0.21214265833902876,-0.06720573878341411,17.410092752234263,0.0009635424911339811,0.055368398078018854,0.00057947600477962,0.3778467844722859,-0.0006854637074814873,0.23448142734250538,0.0005348547712535025,-0.16562342840070998,-0.564812499820606,0,-2
KLOO,2009,-0.0022054602603320886,1.0784682752344543,-0.001871823347243647,0.7075816086229756,-0.0014787069320916354,0.38967851068552906,-0.07391730449019207,19.111695945055654,-0.0001972535600833021,0.30450956195110357,-0.000585662773794569,0.6360727288061512,-0.0005964008050385024,0.22255510522897698,0.0003306305077134331,-0.12599447532831076,-0.4625772694838678,0,-1
KLOO,2010,-0.003937735292811061,1.479011539556093,0.0011379518300385603,-0.007922804364741798,-0.00045009982306256887,0.15220515908604842,-0.09024201180309914,23.515587929321477,-0.0025783843871285588,0.7925520383186264,-0.005771879716007108,1.7229184002293634,0.0012018487591309965,-0.17623165975136057,-0.001000087732682329,0.16349203734080003,2.929239548375832,1,0
KLOO,2011,-0.0006494281263213046,0.8017389905738681,-0.0005988298257856616,0.41884047556148585,-0.00042424047902003435,0.17502975752536432,-0.0691088270685734,18.122458621491347,0.0011460872254726194,0.02866414079886348,0.000783520089721202,0.3619316479089032,-0.0005491639496322057,0.2069221293572951,0.0004495331322285945,-0.14689614784772953,-0.6509485637745014,0,1
KLOO,2012,-0.004750909270833326,1.82257181382489,0.00035233745628966,0.21114926227397746,-0.003910381534278784,1.0372952092187888,-0.5891376350891684,142.50942815190064,-0.002476630253444731,0.9182841077337418,-0.003691137172478376,1.4585211811588934,0.0014505301117878136,-0.23818939868016553,-0.0012069685653772807,0.24150869198654001,-0.3931818077329202,0,-2
KLOO,2013,0.00012607611381156188,0.7043918662357478,-0.0010226447861011881,0.5489642122475422,-0.0006012042591727368,0.2578381086124172,-0.09809550836895817,26.083896421942477,0.0005126393525709495,0.20395863199660935,0.00047030168705789865,0.45380256648972206,-0.00032039888969820764,0.18268276293023689,0.00033829051584247387,-0.12405512651992809,-0.3484046686249132,0,-1
KLOO,2014,-0.0015427967213582962,1.0057000884355909,0.00018108588370888587,0.24563359241434274,-0.000318089850878566,0.15089775027608474,-0.04588504942014118,13.71411855870656,0.0002840142818519851,0.2069267252055768,0.00048154159298649827,0.4098534707545375,-0.00015038112030948606,0.12207683537567808,0.0002010922539121767,-0.09406889189111249,2.3926540888758607,1,0
KLOO,2015,-0.0002796128599196132,0.6913382752464157,-9.602827868100753e-05,0.2905403334761738,-0.0006460946694756613,0.20733605153036427,-0.029150302941086212,9.086388830473254,0.0009429534939111627,0.022085449933285206,0.0008177924701927609,0.28720386562113753,-0.0001677451041788014,0.11649037895593872,0.0005174913372249204,-0.16903937319830223,-0.6510114379720813,0,1
KLOO,2016,-0.001027893529459316,0.8607269002913077,-0.0014374034352206437,0.5692919059983549,-0.0009380815036580813,0.27209281977736277,-0.048021440079806015,12.787427889279806,2.0739398510508317e-05,0.2365117405485727,-0.00044908849271211356,0.5850933272481212,-0.0005869263241507494,0.207387196560395,0.000267325287038359,-0.11067567015917337,-0.6463771930936779,0,none
SILVER,1999,0.0009057681768934785,0.3756932879851831,-0.001824421363751571,0.6430750670670118,-0.00041800092081478377,0.18719965361080065,-0.05296068019595795,12.761837661839738,0.0008214651909899478,-0.010481317762552789,0.001026066457855193,0.20681881283389858,-0.000247792559289896,0.12164612057708704,0.0006152981134475923,-0.19572725985081418,-0.3966936774878337,0,none
SILVER,2000,-0.002335624941124298,1.0960153071431886,-0.00046207113911388587,0.37002588618972987,-0.0021939381875664002,0.5062988130252797,-0.06462031161728604,16.70450179844042,-0.00021076761245489382,0.1827012379379238,-0.0015536161154017947,0.7018447318329477,-0.0003535465630251783,0.15328543500559183,8.31805024316375e-05,-0.09530924935860269,-0.4542541250462693,0,none
SILVER,2001,0.0004902426535027017,0.5079668540640321,-0.001441831652069946,0.5895286443725993,0.000642135894221578,-0.05242621665175029,-0.004272728676793569,4.51561537006018,-0.0005581529962965567,0.3029778724562934,-0.0003953085452762257,0.5073864287847778,-0.0005185662023929191,0.19377571041567548,0.00034167294785305744,-0.14352894077260123,-0.3200478304714658,0,none
SILVER,2002,-0.003993161698159418,1.4358217102050115,-0.0028015034462028398,0.852117035512506,-0.0016819735754036932,0.4168681378369653,-0.05365608075719462,14.581073742486138,-0.002007054093680032,0.5885001831401089,-0.0028010262097060345,1.0009904156580451,-0.000990140440066556,0.28776083811656766,0.00024543891898425193,-0.1206213027049502,-0.03943517121819647,0,-3
SILVER,2003,-0.004020575853982328,1.4643187147088135,-0.0020235758220615878,0.6844271592421287,-0.0011442615392896235,0.3216203203811925,-0.07765156578414029,20.304289533555945,-0.0006969724875612051,0.3177106036674438,-0.001083397556477776,0.656012870554977,-0.000785945547682008,0.24363425714179718,0.0002812178793094029,-0.12429333508951629,-0.4733290299786195,0,-2
SILVER,2004,-0.008082555914210008,2.27689527776605,-0.0011696284465396722,0.5185233730716678,-0.001687844784893271,0.42418686202473255,-0.08123498417763853,20.522524661246656,-0.0015776773368561992,0.5178342866160449,-0.00248711966291313,0.9700003531034487,-0.0014266329558144367,0.37773585158091116,0.0002405965772834201,-0.11375589461507035,-0.3848040244040205,0,-1
SILVER,2005,-0.004069923872102589,1.4067269466493855,-0.00271916238809298,0.8129979372232692,-0.0012297298448050898,0.3269905776932721,-0.040991681304596204,11.099357647695903,-0.002682414132490374,0.7241586711396832,-0.0035576129200720757,1.1538233157084135,-0.0009509586132256818,0.26906746648617114,0.00012859947096229924,-0.08939530907562479,2.7355352921778398,1,0
SILVER,2006,-0.0041507592788348905,1.4618461319271057,-0.0019528340473975313,0.659412681742865,-0.0011090195070596843,0.302914778026769,-0.04723656996007168,13.440426742562092,-0.0009588472354871007,0.36561604588317403,-0.001650414567993795,0.7690954079795311,-0.0008554642072166672,0.2536965019156672,0.00029453578939059695,-0.12724858527709526,-0.4907022567935582,0,1
SILVER,2007,-0.002799654201932414,1.1958243310551373,-0.0021872073123541703,0.7141680054514257,-0.0010178697913932836,0.3067230929829858,-0.0915666378527031,22.89789035375141,-0.0017256165972330544,0.545065175086652,-0.002165382820781744,0.8977406326245541,-0.000810029573190403,0.24781428192481458,0.00016859088822155765,-0.0976262397440994,-0.4531475969980525,0,-3
SILVER,2008,-0.002737872638402243,1.1372425196537277,-0.0014967083573577153,0.5390127170011874,-0.00020762448994706892,0.1250858878106674,-0.07552882330362053,19.03426920017708,-0.0003311657596303775,0.2580247319511438,-0.0008075475860869763,0.6076757641863632,-0.0004145851503129307,0.14651373862691294,0.00031884950615200736,-0.12180730367104908,-0.4723939125149101,0,-2
SILVER,2009,-0.0011324052204427903,0.7443801168597421,-0.0026514009445104303,0.8297967168562717,-0.0011985115383737624,0.3402360912403617,-0.033162947230314495,8.675742349458009,-0.0006943479773627358,0.3461784131007936,-0.0014254264236305447,0.7529572945055341,-0.0006107935971911898,0.19504091538526908,0.00020386705074329156,-0.10044341951913276,-0.3856143122476481,0,-1
SILVER,2010,-0.003512063007001308,1.3823890261245086,-0.0030025923126614116,0.9122116517816294,-0.0006563250459474621,0.2248384444332521,-0.05639991014842283,15.606637528712136,-0.0006921389106533602,0.3152234506049249,-0.001087232732366535,0.6592112659212549,-0.0010657314795591317,0.3091579243861008,0.0004993666376440168,-0.17561339989777364,2.866543978453574,1,0
SILVER,2011,-0.00334956237846207,1.3050601936289068,-0.002697939626207528,0.8367790117027802,-0.00136769880559747,0.36551365923438983,-0.04343835932517151,12.37638686845712,-0.00048424237254575734,0.2815571052876417,-0.0011854845495379688,0.6811930999404792,-0.0009962639274284511,0.29053358513127986,0.00043594875368530364,-0.1600462185086668,-0.4907932093486029,0,1
SILVER,2012,-0.0048060188006761664,1.7062854742832405,-0.001125414074847406,0.5300894658120239,4.028128068438684e-05,0.0650963955093698,-0.10493741639769312,25.812465873166794,2.9860226351705217e-05,0.20432433533716998,-0.0006258138204502557,0.5773742190769995,-0.00024004830059172,0.13257950526109563,0.00015405254245960068,-0.0957869998143207,-0.4428737326249131,0,-2
SILVER,2013,-0.0005563814878999599,0.8015406261814331,-0.002284774869060851,0.7908731142404655,-8.828000252038195e-06,0.1288000455390309,-0.05710534162154521,15.691967840280327,-0.00029358010668463583,0.2947589203914862,-0.00017335839746344603,0.5080366042815034,-0.0007236231646856194,0.2506997596252349,0.0004366314474301394,-0.15882910222496627,-0.2153699088811928,0,-1
SILVER,2014,-0.0025766462170212587,1.2243223560080754,-0.003020462769735695,0.9115005323539401,-0.0011480019980083585,0.3618399964644492,-0.08057179736841047,21.936340193359445,-0.0012790112103003026,0.47647769698144105,-0.0014780257093577477,0.7607120865658545,-0.0011029613904782439,0.31912794291684043,0.000290344172190413,-0.1237155471730397,0.7494303078073881,1,0
SILVER,2015,-0.002441949554645084,1.1386756254385042,-0.002908368489460513,0.8844793805985048,-0.0011881551570775027,0.36195300582863454,-0.04333191001658679,12.189689731479167,-0.0015140637896595048,0.5170878568516567,-0.0014638096759319492,0.7451467553019364,-0.0009569544894415275,0.2830095095006648,0.00026960170062008035,-0.1237301368066509,-0.4908213788646391,0,1
SILVER,2016,-0.0033716761188145724,1.3435228056924762,-0.0026456162065503644,0.822878255678829,-0.0019884041037924183,0.512988825470136,-0.040786243307354995,10.710947274883377,-0.0011775421096096544,0.43149838730961537,-0.0019284570287617837,0.8381302244516302,-0.0009539827564295218,0.2823406650552766,0.0002688350583715271,-0.12167536269736037,-0.4537002166214673,0,none
SILVER,2017,-0.0033827580546172487,1.3792093025208623,-0.0018380646531697788,0.647441088266394,-0.0016413004292126572,0.4785498612189583,-0.0614353525092869,16.43092838468948,-0.0014267722828319076,0.5158846528714677,-0.0017922657205631585,0.84832608370065,-0.0007275640104913175,0.23125855637824144,-0.0002513687130860228,0.002508751700398947,-0.3875291949374116,0,none
SULPHUR,1988,-0.0009197877444085505,0.8559307208876277,-0.001408192271306649,0.6040299423479742,-0.0008563504191739844,0.2635138402592585,-0.09737464082192807,25.121127858304764,0.0002702500191882188,0.20725968899619418,-2.1460149881882135e-05,0.5384266731554743,-0.0005369698811812391,0.21619144978247357,0.0003045781914220241,-0.12183614291478101,-0.20010653435405826,0,none
SULPHUR,1989,-7.97371723197729e-05,0.6907449619264932,-0.0012573523416013039,0.5926611996266457,-4.59015031253401e-05,0.09294601225216248,-0.0644345550297523,17.536108500200015,0.0006225791497739839,0.15327042861636858,0.0007339541085935892,0.39813086658858665,-0.00046887911774656744,0.21147425485660626,0.0004075092994249785,-0.14403174491837906,-0.5261983792122135,0,none
SULPHUR,1990,-0.0006657203882549654,0.763125172956576,-0.00082248773068353,0.491765623144739,-0.00024105765535265597,0.13789164004971932,-0.019468959998417704,7.785871914983943,0.0003915741843442751,0.2241656665939647,0.00033887923920176543,0.49881683199950744,-0.0003419380060536841,0.1772493925364542,0.00023917696656585238,-0.0992152216310571,-0.2675234975423488,0,-3
SULPHUR,1991,-0.0014521180524272002,0.9549385158217891,-0.0010073214060485232,0.517035391154056,-0.0010010029694245328,0.312997376333055,0.02204757077294949,-4.448938915618206,-0.0008845027792911374,0.551710287370744,-0.001051566881054209,0.8443852331171335,-0.00048676337937465005,0.20481115020708407,-2.6507597457610995e-05,-0.027846841254245275,-0.5254780389365019,0,-2
SULPHUR,1992,-0.0019398713816276576,0.9636332081040673,-0.001148083090555454,0.5277341340982271,-0.000528062541079025,0.16964452631566243,-0.060974339633537725,15.221318878362668,0.0007980553518645217,0.14423721999957162,0.00043434745753933614,0.4788390163271208,-0.00041708756412353414,0.1808435079920876,0.0003901980356501531,-0.12246923600550635,-0.05240179381214317,0,-1
SULPHUR,1993,-0.0008992246354033659,0.7245664875164057,-0.0009543129514575344,0.4565104320803999,-0.002964986754685235,0.6926796351889997,-0.033993726941488354,9.632162665624477,-0.009578831655704854,2.3882720911489135,-0.009492621472131006,2.635618989245509,-7.505242270362713e-05,0.08807897450380303,-0.0019944368028698136,0.39722119684676693,0.9681517924548424,1,0
SULPHUR,1994,-0.0006497889881964675,0.7556328890808905,0.0001040538144402559,0.26259567853681104,-0.0002549124552825557,0.12977278643251874,-0.06827873956767153,16.10553493126615,5.8551559952685133e-05,0.30433429302745807,-0.00011663637966011393,0.6007367887554577,-4.095276995334622e-06,0.09247832492432796,6.472781311108722e-05,-0.05398542781959258,-0.5236238858214676,0,1
SULPHUR,1995,-0.0004969602537965093,0.7370278583627554,-0.0022872486759705577,0.7718704814653354,-0.0028864813154474145,0.650248875549334,-0.04928299075589554,14.966644877577114,-0.00020056774957163785,0.3537969707856874,-0.0003413758538466753,0.6374436700400214,-0.0006568851355273778,0.23406562226215127,0.0002456532960145269,-0.09578468136150384,0.26499610862087497,0,-3
SULPHUR,1996,-0.00035383611965251506,0.6708107607159769,-0.0010915266573143748,0.49233211483066713,-0.00010833634772834156,0.07513586372553198,-0.06208676703115813,16.16057037400343,0.0009982082121477278,0.027616262050030593,0.0009420444333685051,0.29387529797096035,-0.0003626024876872092,0.16037547530270113,0.00043141838570721566,-0.14652378389989756,0.0003885430053120645,0,-2
SULPHUR,1998,0.0014873896797309542,0.22069724516262235,-0.0008099021070809491,0.44360674949401724,-0.0003001680612556485,0.1307076622699822,0.013258058058680487,0.08299104872812801,0.0008022133349028251,0.05167345805966839,0.0010951204287273043,0.22894696776253642,-8.275964017675813e-05,0.09747622606937334,0.0003375627636920338,-0.13104968392327537,2.0225991103486374,1,0
SULPHUR,1999,0.001648055660383091,0.22703707984114896,-0.0011573053412731599,0.507575162115951,-0.0015255175929310076,0.38515404986507273,-0.07472729962509844,17.822620459757015,0.000930786713385502,0.031600050975910676,0.0009373240319159142,0.28242434963726804,-7.6521287101316e-05,0.09614934239384798,0.0003543080060952773,-0.1304304507246432,-0.4655261700012838,0,1
SULPHUR,2000,0.0003628290795512634,0.5753076931253631,-0.0004928293190823679,0.3844728761004058,0.00026006939396540016,0.022475911628679207,-0.01628628082258491,7.623042924356696,0.001587695140714712,-0.09176403840008518,0.0015077700039738823,0.17602088404303817,-0.00019897752558894252,0.13113630009154745,0.00048043448257737765,-0.15882248079142258,-0.5126507481989164,0,none
SULPHUR,2001,0.0014782285960738863,0.3546655878119709,-0.00045137503246732436,0.38617695847458555,0.0007043900941209125,-0.054766014996352474,0.044429984584375345,-4.748848193629218,0.0002999057621389193,0.20445655172047306,0.001350064246638678,0.23161436995651075,-6.257026323717215e-05,0.10475266011766315,0.00027006289072965383,-0.11052125086811221,-0.4648603717426241,0,none
SULPHUR,2002,-0.0010084662675654173,0.8366909540118217,-0.0009624277064461881,0.46972254981911576,-0.0006219076741353632,0.20426628387583062,-0.04766192799734706,13.445713751733393,0.0008356698842098248,0.11485528531771427,0.0006009558126887555,0.4174786250889344,-0.0003417397350822316,0.15648013049673598,0.00035322963067436277,-0.11953006836062996,-0.3505502207320729,0,-3
SULPHUR,2003,-0.001372633438228207,0.8958587343766931,-0.0010976953936915274,0.4945299122658875,-0.0004796715269054217,0.15421660457361575,-0.041854861010908476,12.473983097139163,0.0012710102983306474,-0.035095460481124774,0.001094114027475332,0.24663161514717014,-0.0003823408116727608,0.16324351747462468,0.00054275205055331,-0.17050364998527323,-0.4813857765151726,0,-2
SULPHUR,2004,-0.00011810385052549296,0.5988029276477249,-0.001287052463952987,0.5272172387976929,-0.0009355649899807194,0.2517639014471468,-0.0048054917797994215,4.40617490553065,-0.0003428135705388453,0.2737791737029607,-0.0007003342442988992,0.6032782322348061,-0.0004771490315652724,0.176649984971261,0.0001272777301965487,-0.08522496541822025,-0.44333059917319134,0,-1
SULPHUR,2005,-0.0016017782275057927,0.8873891744364387,-0.001681566230259831,0.6127136641073683,-0.0011104419531416544,0.31448952727796686,-0.0331518488011356,9.04701571745991,-0.0005169165044496526,0.33849766162692885,-0.00048268158371489933,0.5726958025313696,-0.0004069549276678522,0.15526589308681654,-7.11604713948424e-05,-0.024405301704448663,0.8845840565303199,1,0
SULPHUR,2006,-0.0019033806301956956,0.9989308621768296,-0.002215008282502381,0.7326046931190108,-9.430726614321951e-05,0.06868273565534574,-0.034863034824440906,10.424645064980187,0.0008338950090836647,0.0425788774290673,0.0008985266811800058,0.26963755234264597,-0.0010551441480819304,0.3036934416489584,0.00038970328870389383,-0.14075647991547932,-0.5197985070800499,0,1
SULPHUR,2007,-0.0006162871324873948,0.758894116236986,-0.0010300453655141017,0.48472244712234247,-8.246645361034309e-06,0.07380735682501287,-0.0679016131507732,17.011986861282054,0.0006819690608673038,0.09809538811345278,0.0004959274090230925,0.3819502867069232,-0.0004543982030997183,0.17869657230229843,0.0004337402004075547,-0.1475510707808526,-0.3919040882467678,0,-3
SULPHUR,2008,-0.0022513315088014537,1.082492445676484,-0.0012424030594489028,0.5350423120135736,-0.0005162024584207281,0.19818320504413495,-0.06593160353534992,17.191981547757734,0.00024489134475898493,0.22246867489705194,-0.00019561843659679544,0.5526192916603978,-0.0006023506110038302,0.21270171907259994,0.0003359306810242156,-0.11911118528660546,-0.5058363016442115,0,-2
SULPHUR,2009,-0.0013857680019540766,0.9008087645048812,-0.0017729941735658674,0.6555628308855084,-0.0010280336963401316,0.2995183781123842,-0.06426007494473536,16.735327680428668,9.938586309882029e-05,0.2422118472719761,-0.0002515488527014909,0.5593655711089573,-0.0005815970128985426,0.20630015514618033,0.0003574656287791844,-0.12477294274079562,-0.42633167052532794,0,-1
SULPHUR,2010,-0.0017837035195300676,0.9934967469578242,-0.002377258960698293,0.7757051962900303,-0.0008209870925876031,0.2515310136478076,-0.05856148611598622,16.226238423005437,-0.000965514550888449,0.45652556065473016,-0.0027744541749000415,1.0848582745765514,-0.0007423821888858648,0.23874495298921572,0.0003072669483709439,-0.11265242952987597,4.269512595750964,1,0
SULPHUR,2011,-0.0012216629155619649,0.8948419006283097,-0.0014160582718110329,0.5799627367707969,-0.00012002977100775201,0.10756022296024903,-0.03109990966680508,10.429126232357639,0.0009159167239912412,0.06258647047731136,0.0005916966289223821,0.37695029214021636,-0.0005535080605301899,0.20388491672376846,0.00047090157418740544,-0.15225755176487973,-0.5259628568658528,0,1
SULPHUR,2012,-0.014331378758862784,4.016929497601945,-0.013134168094692599,3.2933088132390274,0.001819704596426025,-0.3046500738704667,-0.5659435814751679,136.61893573372836,0.0019107745361570394,-0.11116188734503041,-0.0010165406102362468,0.8097308630855302,-0.004983566057908012,1.2333961495133121,0.0022689179642226506,-0.5593102181036758,-0.3388771272240214,0,-2
SULPHUR,2013,0.0006036388781929074,0.5920422763597273,-0.0013818542091565298,0.590964547763706,-0.00037370783789835707,0.20742715443500837,-0.08869463575159642,24.138790476427705,0.0011492671974452614,0.043752480478403744,0.0006047888582678407,0.3998610807218832,-0.0003953826077459429,0.1808943794003675,0.00038246052175934335,-0.13285052441971518,-0.3589210430258871,0,-1
SULPHUR,2014,-0.0009116465951216858,0.8862381899075507,-0.0013366791359673983,0.5549201339390352,-0.00022191477646700102,0.1533060501394223,-0.054070427084413286,15.67977526213609,0.0008147938738791659,0.0992651957443968,0.0006246081961008027,0.3785872372758633,-0.0005136965521805382,0.1959459153355347,0.0003134865679578542,-0.11556760171690017,1.2305729944878727,1,0
SULPHUR,2015,0.0004338720577403976,0.568124507579451,-0.0008331252510770121,0.4270714408348245,-0.00032886534746758315,0.16668717986434345,-0.02546935553832136,8.597915026747462,0.001171286377543418,-0.01312510698207947,0.0010152526612929903,0.25327393649363517,-0.00020751487740659248,0.12143386115634094,0.00032097745609996526,-0.12029048209034213,-0.5261832286519212,0,1
SULPHUR,2016,-0.0004505124242063943,0.752758247281768,-0.0012448988826597367,0.5155388329309292,-0.0006998670020720301,0.23340888626074066,-0.059537146775145815,15.83253146832353,0.00046032739335351226,0.14971626395870957,3.087744631165003e-05,0.4814145182427345,-0.00043217922187016724,0.1709293835503632,0.00027857362502990907,-0.10991294738333322,-0.5196497561244537,0,none
SULPHUR,2017,-0.001021999833294404,0.9213693582734999,-0.0009117725568409789,0.45496435683708186,-0.000521115810819955,0.23344202514562748,-0.07157615623305645,19.828671036176825,0.0005412203912935102,0.15577024389467692,0.00024972131879469816,0.4520388828525468,-0.0004244031727496039,0.17354556658616097,0.0002538668893004371,-0.10103942719807704,-0.4036738698759569,0,none
